區,人口數量,0
新北市板橋區,551480
新北市三重區,387484
新北市中和區,413590
新北市永和區,222585
新北市新莊區,416524
新北市新店區,302089
新北市樹林區,184149
新北市鶯歌區,86593
新北市三峽區,114926
新北市淡水區,169597
新北市汐止區,199321
新北市瑞芳區,40353
新北市土城區,238067
新北市蘆洲區,201309
新北市五股區,84919
新北市泰山區,78911
新北市林口區,106101
新北市深坑區,23660
新北市石碇區,7683
新北市坪林區,6528
新北市三芝區,23200
新北市石門區,12286
新北市八里區,38493
新北市平溪區,4719
新北市雙溪區,8939
新北市貢寮區,12552
新北市金山區,22015
新北市萬里區,22296
新北市烏來區,6320
臺北市松山區,206988
臺北市信義區,225753
臺北市大安區,309969
臺北市中山區,230710
臺北市中正區,159608
臺北市大同區,129278
臺北市萬華區,191850
臺北市文山區,274424
臺北市南港區,122155
臺北市內湖區,287771
臺北市士林區,288295
臺北市北投區,256456
桃園市桃園區,440840
桃園市中壢區,405216
桃園市大溪區,94451
桃園市楊梅區,167639
桃園市蘆竹區,161912
桃園市大園區,89281
桃園市龜山區,157633
桃園市八德區,198074
桃園市龍潭區,121822
桃園市平鎮區,224219
桃園市新屋區,48953
桃園市觀音區,66472
桃園市復興區,11505
臺中市中區,18450
臺中市東區,75811
臺中市南區,125067
臺中市西區,115627
臺中市北區,147653
臺中市西屯區,227043
臺中市南屯區,168760
臺中市北屯區,274819
臺中市豐原區,166879
臺中市東勢區,50714
臺中市大甲區,77761
臺中市清水區,86420
臺中市沙鹿區,92645
臺中市梧棲區,57993
臺中市后里區,54482
臺中市神岡區,65553
臺中市潭子區,108288
臺中市大雅區,95203
臺中市新社區,24754
臺中市石岡區,15066
臺中市外埔區,32185
臺中市大安區,19303
臺中市烏日區,74554
臺中市大肚區,57322
臺中市龍井區,77818
臺中市霧峰區,65393
臺中市太平區,189066
臺中市大里區,211492
臺中市和平區,10949
臺南市新營區,77966
臺南市鹽水區,25583
臺南市白河區,28520
臺南市柳營區,21365
臺南市後壁區,23718
臺南市東山區,21049
臺南市麻豆區,44603
臺南市下營區,24239
臺南市六甲區,22275
臺南市官田區,21448
臺南市大內區,9761
臺南市佳里區,59380
臺南市學甲區,26078
臺南市西港區,24758
臺南市七股區,22974
臺南市將軍區,19849
臺南市北門區,11188
臺南市新化區,43630
臺南市善化區,48386
臺南市新市區,36574
臺南市安定區,30564
臺南市山上區,7314
臺南市玉井區,14151
臺南市楠西區,9717
臺南市南化區,8787
臺南市左鎮區,4876
臺南市仁德區,75518
臺南市歸仁區,68424
臺南市關廟區,34433
臺南市龍崎區,4038
臺南市永康區,233905
臺南市東區,186841
臺南市南區,125394
臺南市北區,132726
臺南市安南區,192224
臺南市安平區,66496
臺南市中西區,77770
高雄市鹽埕區,24219
高雄市鼓山區,139259
高雄市左營區,197072
高雄市楠梓區,183751
高雄市三民區,343243
高雄市新興區,51153
高雄市前金區,26991
高雄市苓雅區,171033
高雄市前鎮區,189839
高雄市旗津區,28763
高雄市小港區,157475
高雄市鳳山區,359120
高雄市林園區,69990
高雄市大寮區,112397
高雄市大樹區,42757
高雄市大社區,34577
高雄市仁武區,85894
高雄市鳥松區,44291
高雄市岡山區,97329
高雄市橋頭區,37579
高雄市燕巢區,29922
高雄市田寮區,7245
高雄市阿蓮區,28844
高雄市路竹區,52761
高雄市湖內區,29803
高雄市茄萣區,30217
高雄市永安區,13980
高雄市彌陀區,19383
高雄市梓官區,36116
高雄市旗山區,36940
高雄市美濃區,39973
高雄市六龜區,13016
高雄市甲仙區,6107
高雄市杉林區,12038
高雄市內門區,14540
高雄市茂林區,1924
高雄市桃源區,4246
高雄市那瑪夏區,3125
宜蘭縣宜蘭市,95918
宜蘭縣羅東鎮,72319
宜蘭縣蘇澳鎮,40056
宜蘭縣頭城鎮,29398
宜蘭縣礁溪鄉,35777
宜蘭縣壯圍鄉,24250
宜蘭縣員山鄉,32458
宜蘭縣冬山鄉,53289
宜蘭縣五結鄉,39673
宜蘭縣三星鄉,21467
宜蘭縣大同鄉,6102
宜蘭縣南澳鄉,5900
新竹縣竹北市,181955
新竹縣關西鎮,28896
新竹縣新埔鎮,33415
新竹縣竹東鎮,96918
新竹縣湖口鄉,77444
新竹縣橫山鄉,13064
新竹縣新豐鄉,56836
新竹縣芎林鄉,20061
新竹縣寶山鄉,14550
新竹縣北埔鄉,9390
新竹縣峨眉鄉,5538
新竹縣尖石鄉,9543
新竹縣五峰鄉,4559
苗栗縣苗栗市,89165
苗栗縣頭份市,103147
苗栗縣苑裡鎮,45976
苗栗縣通霄鎮,34691
苗栗縣竹南鎮,85587
苗栗縣後龍鎮,36750
苗栗縣卓蘭鎮,17134
苗栗縣大湖鄉,14738
苗栗縣公館鄉,33773
苗栗縣銅鑼鄉,18138
苗栗縣南庄鄉,10176
苗栗縣頭屋鄉,10840
苗栗縣三義鄉,16530
苗栗縣西湖鄉,7154
苗栗縣造橋鄉,12952
苗栗縣三灣鄉,6756
苗栗縣獅潭鄉,4417
苗栗縣泰安鄉,5883
彰化縣彰化市,233613
彰化縣員林市,124632
彰化縣鹿港鎮,86799
彰化縣和美鎮,90986
彰化縣北斗鎮,33355
彰化縣溪湖鎮,55686
彰化縣田中鎮,41890
彰化縣二林鎮,50980
彰化縣線西鄉,16928
彰化縣伸港鄉,36957
彰化縣福興鄉,47332
彰化縣秀水鄉,39357
彰化縣花壇鄉,45924
彰化縣芬園鄉,23755
彰化縣大村鄉,36870
彰化縣埔鹽鄉,32587
彰化縣埔心鄉,34836
彰化縣永靖鄉,37334
彰化縣社頭鄉,43144
彰化縣二水鄉,15325
彰化縣田尾鄉,27462
彰化縣埤頭鄉,30642
彰化縣芳苑鄉,33714
彰化縣大城鄉,16987
彰化縣竹塘鄉,15303
彰化縣溪州鄉,30060
南投縣南投市,100180
南投縣埔里鎮,81033
南投縣草屯鎮,97875
南投縣竹山鎮,55060
南投縣集集鎮,10904
南投縣名間鄉,38796
南投縣鹿谷鄉,17808
南投縣中寮鄉,14842
南投縣魚池鄉,15946
南投縣國姓鄉,18803
南投縣水里鄉,17803
南投縣信義鄉,16253
南投縣仁愛鄉,15748
雲林縣斗六市,108567
雲林縣斗南鎮,44941
雲林縣虎尾鎮,70892
雲林縣西螺鎮,46244
雲林縣土庫鎮,28932
雲林縣北港鎮,40278
雲林縣古坑鄉,31708
雲林縣大埤鄉,19263
雲林縣莿桐鄉,28939
雲林縣林內鄉,18230
雲林縣二崙鄉,27255
雲林縣崙背鄉,24678
雲林縣麥寮鄉,45665
雲林縣東勢鄉,14893
雲林縣褒忠鄉,13010
雲林縣臺西鄉,23954
雲林縣元長鄉,25980
雲林縣四湖鄉,23667
雲林縣口湖鄉,27653
雲林縣水林鄉,25624
嘉義縣太保市,37781
嘉義縣朴子市,42382
嘉義縣布袋鎮,27143
嘉義縣大林鎮,31198
嘉義縣民雄鄉,71693
嘉義縣溪口鄉,14751
嘉義縣新港鄉,31935
嘉義縣六腳鄉,23318
嘉義縣東石鄉,24969
嘉義縣義竹鄉,18486
嘉義縣鹿草鄉,15577
嘉義縣水上鄉,49744
嘉義縣中埔鄉,44974
嘉義縣竹崎鄉,35962
嘉義縣梅山鄉,19475
嘉義縣番路鄉,11599
嘉義縣大埔鄉,4564
嘉義縣阿里山鄉,5631
屏東縣屏東市,200452
屏東縣潮州鎮,54377
屏東縣東港鎮,47866
屏東縣恆春鎮,30726
屏東縣萬丹鄉,50935
屏東縣長治鄉,30008
屏東縣麟洛鄉,11076
屏東縣九如鄉,22110
屏東縣里港鄉,26459
屏東縣鹽埔鄉,25997
屏東縣高樹鄉,24622
屏東縣萬巒鄉,20556
屏東縣內埔鄉,54707
屏東縣竹田鄉,17158
屏東縣新埤鄉,9936
屏東縣枋寮鄉,24571
屏東縣新園鄉,35321
屏東縣崁頂鄉,15720
屏東縣林邊鄉,18080
屏東縣南州鄉,10670
屏東縣佳冬鄉,19380
屏東縣琉球鄉,12337
屏東縣車城鄉,8586
屏東縣滿州鄉,7840
屏東縣枋山鄉,5478
屏東縣三地門鄉,7644
屏東縣霧臺鄉,3246
屏東縣瑪家鄉,6746
屏東縣泰武鄉,5271
屏東縣來義鄉,7465
屏東縣春日鄉,4867
屏東縣獅子鄉,4806
屏東縣牡丹鄉,4926
臺東縣臺東市,105960
臺東縣成功鎮,14238
臺東縣關山鎮,8742
臺東縣卑南鄉,17399
臺東縣大武鄉,6117
臺東縣太麻里鄉,11163
臺東縣東河鄉,8517
臺東縣長濱鄉,7260
臺東縣鹿野鄉,7951
臺東縣池上鄉,8248
臺東縣綠島鄉,3926
臺東縣延平鄉,3551
臺東縣海端鄉,4222
臺東縣達仁鄉,3518
臺東縣金峰鄉,3653
臺東縣蘭嶼鄉,5075
花蓮縣花蓮市,104380
花蓮縣鳳林鎮,10861
花蓮縣玉里鎮,24345
花蓮縣新城鄉,20185
花蓮縣吉安鄉,83747
花蓮縣壽豐鄉,18043
花蓮縣光復鄉,12888
花蓮縣豐濱鄉,4383
花蓮縣瑞穗鄉,11653
花蓮縣富里鄉,10413
花蓮縣秀林鄉,15889
花蓮縣萬榮鄉,6384
花蓮縣卓溪鄉,6066
澎湖縣馬公市,62308
澎湖縣湖西鄉,14508
澎湖縣白沙鄉,9817
澎湖縣西嶼鄉,8408
澎湖縣望安鄉,5176
澎湖縣七美鄉,3856
基隆市中正區,52163
基隆市七堵區,53972
基隆市暖暖區,38708
基隆市仁愛區,44314
基隆市中山區,47908
基隆市安樂區,82358
基隆市信義區,52035
新竹市東區,212553
新竹市北區,150636
新竹市香山區,77943
嘉義市東區,122103
嘉義市西區,147295
金門縣金城鎮,43285
金門縣金湖鎮,29413
金門縣金沙鎮,20535
金門縣金寧鄉,30838
金門縣烈嶼鄉,12700
金門縣烏坵鄉,685
連江縣南竿鄉,7544
連江縣北竿鄉,2360
連江縣莒光鄉,1624
連江縣東引鄉,1352
